Territory  ,Year,Males,Females  ,Total  
Italy  ,2025,"28,814,832","30,182,369","58,997,201"
Nord  ,2025,"13,429,002","13,988,146","27,417,148"
Nord-ovest  ,2025,"7,759,911","8,098,715","15,858,626"
Piemonte  ,2025,"2,072,771","2,178,580","4,251,351"
Torino  ,2025,"1,069,885","1,134,747","2,204,632"
Vercelli  ,2025,"81,022","84,870","165,892"
Novara  ,2025,"176,980","185,522","362,502"
Cuneo  ,2025,"287,723","293,013","580,736"
Asti  ,2025,"102,325","105,626","207,951"
Alessandria  ,2025,"198,213","208,281","406,494"
Biella  ,2025,"81,705","87,401","169,106"
Verbano-Cusio-Ossola  ,2025,"74,918","79,120","154,038"
Valle d'Aosta ,2025,"60,353","62,777","123,130"
Valle d'Aosta  ,2025,"60,353","62,777","123,130"
Liguria  ,2025,"726,267","781,369","1,507,636"
Imperia  ,2025,"101,356","107,436","208,792"
Savona  ,2025,"128,826","138,540","267,366"
Genova  ,2025,"391,611","424,995","816,606"
La Spezia  ,2025,"104,474","110,398","214,872"
Lombardia  ,2025,"4,900,520","5,075,989","9,976,509"
Varese  ,2025,"428,937","450,794","879,731"
Como  ,2025,"293,870","303,247","597,117"
Sondrio  ,2025,"88,128","90,667","178,795"
Milano  ,2025,"1,572,189","1,655,817","3,228,006"
Bergamo  ,2025,"549,975","556,328","1,106,303"
Brescia  ,2025,"623,202","634,124","1,257,326"
Pavia  ,2025,"263,200","273,206","536,406"
Cremona  ,2025,"174,232","177,957","352,189"
Mantova  ,2025,"200,727","205,392","406,119"
Lecco  ,2025,"164,366","168,409","332,775"
Lodi  ,2025,"113,286","114,850","228,136"
Monza e della Brianza  ,2025,"428,408","445,198","873,606"
Nord-est  ,2025,"5,669,091","5,889,431","11,558,522"
Trentino Alto Adige / Südtirol  ,2025,"532,429","544,714","1,077,143"
Provincia Autonoma Bolzano / Bozen  ,2025,"264,748","269,399","534,147"
Bolzano / Bozen  ,2025,"264,748","269,399","534,147"
Provincia Autonoma Trento  ,2025,"267,681","275,315","542,996"
Trento  ,2025,"267,681","275,315","542,996"
Veneto  ,2025,"2,382,754","2,466,799","4,849,553"
Verona  ,2025,"455,658","469,998","925,656"
Vicenza  ,2025,"422,063","430,716","852,779"
Belluno  ,2025,"96,704","101,401","198,105"
Treviso  ,2025,"433,687","445,141","878,828"
Venezia  ,2025,"407,180","428,715","835,895"
Padova  ,2025,"455,805","474,544","930,349"
Rovigo  ,2025,"111,657","116,284","227,941"
Friuli-Venezia Giulia  ,2025,"582,902","611,346","1,194,248"
Udine  ,2025,"251,711","265,665","517,376"
Gorizia  ,2025,"68,144","69,890","138,034"
Trieste  ,2025,"110,307","118,398","228,705"
Pordenone  ,2025,"152,740","157,393","310,133"
Emilia-Romagna  ,2025,"2,171,006","2,266,572","4,437,578"
Piacenza  ,2025,"139,937","144,283","284,220"
Parma  ,2025,"222,199","229,489","451,688"
Reggio nell'Emilia  ,2025,"260,650","266,340","526,990"
Modena  ,2025,"347,206","357,126","704,332"
Bologna  ,2025,"491,615","522,509","1,014,124"
Ferrara  ,2025,"164,435","174,852","339,287"
Ravenna  ,2025,"188,942","197,413","386,355"
Forlì-Cesena  ,2025,"191,704","199,944","391,648"
Rimini  ,2025,"164,318","174,616","338,934"
Centro (I)  ,2025,"5,687,171","6,036,051","11,723,222"
Toscana  ,2025,"1,776,898","1,885,083","3,661,981"
Massa-Carrara  ,2025,"91,051","96,532","187,583"
Lucca  ,2025,"185,300","196,884","382,184"
Pistoia  ,2025,"140,397","149,362","289,759"
Firenze  ,2025,"476,448","511,746","988,194"
Livorno  ,2025,"157,983","168,622","326,605"
Pisa  ,2025,"203,546","213,624","417,170"
Arezzo  ,2025,"163,457","170,595","334,052"
Siena  ,2025,"126,254","134,303","260,557"
Grosseto  ,2025,"105,272","111,361","216,633"
Prato  ,2025,"127,190","132,054","259,244"
Umbria  ,2025,"414,273","442,134","856,407"
Perugia  ,2025,"309,653","329,571","639,224"
Terni  ,2025,"104,620","112,563","217,183"
Marche  ,2025,"724,914","759,384","1,484,298"
Pesaro e Urbino  ,2025,"171,484","178,045","349,529"
Ancona  ,2025,"225,001","236,654","461,655"
Macerata  ,2025,"148,235","155,593","303,828"
Ascoli Piceno  ,2025,"97,875","103,587","201,462"
Fermo  ,2025,"82,319","85,505","167,824"
Lazio  ,2025,"2,771,086","2,949,450","5,720,536"
Viterbo  ,2025,"151,395","156,763","308,158"
Rieti  ,2025,"75,091","75,366","150,457"
Roma  ,2025,"2,033,837","2,193,222","4,227,059"
Latina  ,2025,"280,847","286,149","566,996"
Frosinone  ,2025,"229,916","237,950","467,866"
Mezzogiorno  ,2025,"9,698,659","10,158,172","19,856,831"
Sud  ,2025,"6,579,017","6,885,652","13,464,669"
Abruzzo  ,2025,"622,679","649,948","1,272,627"
L'Aquila  ,2025,"142,793","145,013","287,806"
Teramo  ,2025,"146,431","152,640","299,071"
Pescara  ,2025,"151,415","161,695","313,110"
Chieti  ,2025,"182,040","190,600","372,640"
Molise  ,2025,"143,551","147,085","290,636"
Campobasso  ,2025,"103,851","106,873","210,724"
Isernia  ,2025,"39,700","40,212","79,912"
Campania  ,2025,"2,739,246","2,870,290","5,609,536"
Caserta  ,2025,"444,325","461,749","906,074"
Benevento  ,2025,"128,875","134,250","263,125"
Napoli  ,2025,"1,449,594","1,530,744","2,980,338"
Avellino  ,2025,"195,973","202,959","398,932"
Salerno  ,2025,"520,479","540,588","1,061,067"
Puglia  ,2025,"1,904,137","2,003,546","3,907,683"
Foggia  ,2025,"293,907","301,775","595,682"
Bari  ,2025,"597,465","627,583","1,225,048"
Taranto  ,2025,"270,448","286,244","556,692"
Brindisi  ,2025,"183,723","195,799","379,522"
Lecce  ,2025,"371,083","400,147","771,230"
Barletta-Andria-Trani  ,2025,"187,511","191,998","379,509"
Basilicata  ,2025,"265,185","272,392","537,577"
Potenza  ,2025,"170,854","175,621","346,475"
Matera  ,2025,"94,331","96,771","191,102"
Calabria  ,2025,"904,219","942,391","1,846,610"
Cosenza  ,2025,"329,644","342,788","672,432"
Catanzaro  ,2025,"167,002","175,019","342,021"
Reggio di Calabria  ,2025,"252,621","266,078","518,699"
Crotone  ,2025,"80,336","82,413","162,749"
Vibo Valentia  ,2025,"74,616","76,093","150,709"
Isole  ,2025,"3,119,642","3,272,520","6,392,162"
Sicilia  ,2025,"2,345,397","2,468,619","4,814,016"
Trapani  ,2025,"204,361","210,645","415,006"
Palermo  ,2025,"583,114","621,075","1,204,189"
Messina  ,2025,"290,267","309,913","600,180"
Agrigento  ,2025,"201,398","211,779","413,177"
Caltanissetta  ,2025,"120,826","128,605","249,431"
Enna  ,2025,"75,005","79,935","154,940"
Catania  ,2025,"522,316","552,118","1,074,434"
Ragusa  ,2025,"158,272","159,521","317,793"
Siracusa  ,2025,"189,838","195,028","384,866"
Sardegna  ,2025,"774,245","803,901","1,578,146"
Sassari  ,2025,"233,596","241,143","474,739"
Nuoro  ,2025,"97,845","100,675","198,520"
Cagliari  ,2025,"203,043","217,321","420,364"
Oristano  ,2025,"73,988","76,337","150,325"
Sud Sardegna  ,2025,"165,773","168,425","334,198"
Italy  ,2024,"28,846,728","30,124,502","58,971,230"
Nord  ,2024,"13,484,769","13,992,397","27,477,166"
Nord-ovest  ,2024,"7,793,995","8,101,699","15,895,694"
Piemonte  ,2024,"2,077,302","2,174,321","4,251,623"
Torino  ,2024,"1,072,022","1,132,815","2,204,837"
Vercelli  ,2024,"81,113","84,591","165,704"
Novara  ,2024,"177,838","185,644","363,482"
Cuneo  ,2024,"289,089","292,542","581,631"
Asti  ,2024,"101,989","105,250","207,239"
Alessandria  ,2024,"198,744","207,641","406,385"
Biella  ,2024,"81,578","87,005","168,583"
Verbano-Cusio-Ossola  ,2024,"74,929","78,833","153,762"
Valle d'Aosta,2024,"60,317","62,560","122,877"
Liguria  ,2024,"729,373","779,767","1,509,140"
Imperia  ,2024,"101,609","107,191","208,800"
Savona  ,2024,"129,335","138,286","267,621"
Genova  ,2024,"393,419","424,209","817,628"
La Spezia  ,2024,"105,010","110,081","215,091"
Lombardia  ,2024,"4,927,003","5,085,051","10,012,054"
Varese  ,2024,"429,762","450,495","880,257"
Como  ,2024,"294,649","303,300","597,949"
Sondrio  ,2024,"88,316","90,557","178,873"
Milano  ,2024,"1,584,904","1,660,555","3,245,459"
Bergamo  ,2024,"552,702","557,725","1,110,427"
Brescia  ,2024,"625,870","635,085","1,260,955"
Pavia  ,2024,"265,015","273,617","538,632"
Cremona  ,2024,"175,015","177,950","352,965"
Mantova  ,2024,"201,633","205,369","407,002"
Lecco  ,2024,"164,807","168,463","333,270"
Lodi  ,2024,"114,084","115,389","229,473"
Monza e della Brianza  ,2024,"430,246","446,546","876,792"
Nord-est  ,2024,"5,690,774","5,890,698","11,581,472"
Trentino Alto Adige / Südtirol  ,2024,"535,903","546,799","1,082,702"
Provincia Autonoma Bolzano / Bozen  ,2024,"266,626","270,907","537,533"
Bolzano / Bozen  ,2024,"266,626","270,907","537,533"
Provincia Autonoma Trento  ,2024,"269,277","275,892","545,169"
Trento  ,2024,"269,277","275,892","545,169"
Veneto  ,2024,"2,388,262","2,463,954","4,852,216"
Verona  ,2024,"456,995","469,975","926,970"
Vicenza  ,2024,"422,991","430,619","853,610"
Belluno  ,2024,"96,782","101,006","197,788"
Treviso  ,2024,"434,753","444,635","879,388"
Venezia  ,2024,"407,693","427,712","835,405"
Padova  ,2024,"457,316","474,291","931,607"
Rovigo  ,2024,"111,732","115,716","227,448"
Friuli-Venezia Giulia  ,2024,"583,829","610,787","1,194,616"
Udine  ,2024,"251,832","265,311","517,143"
Gorizia  ,2024,"68,485","69,829","138,314"
Trieste  ,2024,"110,275","118,121","228,396"
Pordenone  ,2024,"153,237","157,526","310,763"
Emilia-Romagna  ,2024,"2,182,780","2,269,158","4,451,938"
Piacenza  ,2024,"140,851","144,538","285,389"
Parma  ,2024,"224,009","230,140","454,149"
Reggio nell'Emilia  ,2024,"261,973","266,904","528,877"
Modena  ,2024,"349,080","357,365","706,445"
Bologna  ,2024,"494,362","523,174","1,017,536"
Ferrara  ,2024,"165,045","174,619","339,664"
Ravenna  ,2024,"189,845","197,384","387,229"
Forlì-Cesena  ,2024,"192,631","200,181","392,812"
Rimini  ,2024,"164,984","174,853","339,837"
Centro (I)  ,2024,"5,689,792","6,021,297","11,711,089"
Toscana  ,2024,"1,779,906","1,880,624","3,660,530"
Massa-Carrara  ,2024,"90,955","96,027","186,982"
Lucca  ,2024,"185,451","196,375","381,826"
Pistoia  ,2024,"140,787","149,102","289,889"
Firenze  ,2024,"477,473","511,312","988,785"
Livorno  ,2024,"158,140","168,175","326,315"
Pisa  ,2024,"204,311","213,363","417,674"
Arezzo  ,2024,"163,489","169,855","333,344"
Siena  ,2024,"126,420","133,572","259,992"
Grosseto  ,2024,"104,981","110,821","215,802"
Prato  ,2024,"127,899","132,022","259,921"
Umbria  ,2024,"413,318","439,750","853,068"
Perugia  ,2024,"309,118","328,104","637,222"
Terni  ,2024,"104,200","111,646","215,846"
Marche  ,2024,"725,906","756,840","1,482,746"
Pesaro e Urbino  ,2024,"172,049","177,833","349,882"
Ancona  ,2024,"225,761","235,868","461,629"
Macerata  ,2024,"148,121","154,872","302,993"
Ascoli Piceno  ,2024,"97,809","103,088","200,897"
Fermo  ,2024,"82,166","85,179","167,345"
Lazio  ,2024,"2,770,662","2,944,083","5,714,745"
Viterbo  ,2024,"151,524","156,162","307,686"
Rieti  ,2024,"74,943","75,045","149,988"
Roma  ,2024,"2,034,603","2,190,806","4,225,409"
Latina  ,2024,"280,962","285,911","566,873"
Frosinone  ,2024,"228,630","236,159","464,789"
Mezzogiorno  ,2024,"9,672,167","10,110,808","19,782,975"
Sud  ,2024,"6,561,419","6,853,744","13,415,163"
Abruzzo  ,2024,"622,009","647,562","1,269,571"
L'Aquila  ,2024,"142,585","144,247","286,832"
Teramo  ,2024,"146,725","152,549","299,274"
Pescara  ,2024,"151,060","161,186","312,246"
Chieti  ,2024,"181,639","189,580","371,219"
Molise  ,2024,"143,304","145,920","289,224"
Campobasso  ,2024,"103,799","106,189","209,988"
Isernia  ,2024,"39,505","39,731","79,236"
Campania  ,2024,"2,733,422","2,860,484","5,593,906"
Caserta  ,2024,"444,833","461,689","906,522"
Benevento  ,2024,"128,308","133,111","261,419"
Napoli  ,2024,"1,445,185","1,525,789","2,970,974"
Avellino  ,2024,"195,385","201,588","396,973"
Salerno  ,2024,"519,711","538,307","1,058,018"
Puglia  ,2024,"1,897,886","1,992,775","3,890,661"
Foggia  ,2024,"293,270","299,808","593,078"
Bari  ,2024,"596,069","625,613","1,221,682"
Taranto  ,2024,"269,424","284,077","553,501"
Brindisi  ,2024,"182,788","194,452","377,240"
Lecce  ,2024,"369,602","397,629","767,231"
Barletta-Andria-Trani  ,2024,"186,733","191,196","377,929"
Basilicata  ,2024,"263,568","269,665","533,233"
Potenza  ,2024,"169,474","173,778","343,252"
Matera  ,2024,"94,094","95,887","189,981"
Calabria  ,2024,"901,230","937,338","1,838,568"
Cosenza  ,2024,"329,138","341,230","670,368"
Catanzaro  ,2024,"166,726","173,933","340,659"
Reggio di Calabria  ,2024,"250,970","264,183","515,153"
Crotone  ,2024,"79,874","82,028","161,902"
Vibo Valentia  ,2024,"74,522","75,964","150,486"
Isole  ,2024,"3,110,748","3,257,064","6,367,812"
Sicilia  ,2024,"2,339,466","2,457,893","4,797,359"
Trapani  ,2024,"203,585","209,361","412,946"
Palermo  ,2024,"581,145","619,108","1,200,253"
Messina  ,2024,"289,501","308,570","598,071"
Agrigento  ,2024,"200,408","210,100","410,508"
Caltanissetta  ,2024,"119,777","127,341","247,118"
Enna  ,2024,"74,427","79,129","153,556"
Catania  ,2024,"521,356","550,457","1,071,813"
Ragusa  ,2024,"159,637","159,599","319,236"
Siracusa  ,2024,"189,630","194,228","383,858"
Sardegna  ,2024,"771,282","799,171","1,570,453"
Sassari  ,2024,"233,257","240,236","473,493"
Nuoro  ,2024,"97,286","99,804","197,090"
Cagliari  ,2024,"202,454","216,508","418,962"
Oristano  ,2024,"73,465","75,626","149,091"
Sud Sardegna  ,2024,"164,820","166,997","331,817"
Italy  ,2023,"28,814,832","30,182,369","58,997,201"
Nord  ,2023,"13,429,002","13,988,146","27,417,148"
Nord-ovest  ,2023,"7,759,911","8,098,715","15,858,626"
Piemonte  ,2023,"2,072,771","2,178,580","4,251,351"
Torino  ,2023,"1,069,885","1,134,747","2,204,632"
Vercelli  ,2023,"81,022","84,870","165,892"
Novara  ,2023,"176,980","185,522","362,502"
Cuneo  ,2023,"287,723","293,013","580,736"
Asti  ,2023,"102,325","105,626","207,951"
Alessandria  ,2023,"198,213","208,281","406,494"
Biella  ,2023,"81,705","87,401","169,106"
Verbano-Cusio-Ossola  ,2023,"74,918","79,120","154,038"
Valle d'Aosta,2023,"60,353","62,777","123,130"
Liguria  ,2023,"726,267","781,369","1,507,636"
Imperia  ,2023,"101,356","107,436","208,792"
Savona  ,2023,"128,826","138,540","267,366"
Genova  ,2023,"391,611","424,995","816,606"
La Spezia  ,2023,"104,474","110,398","214,872"
Lombardia  ,2023,"4,900,520","5,075,989","9,976,509"
Varese  ,2023,"428,937","450,794","879,731"
Como  ,2023,"293,870","303,247","597,117"
Sondrio  ,2023,"88,128","90,667","178,795"
Milano  ,2023,"1,572,189","1,655,817","3,228,006"
Bergamo  ,2023,"549,975","556,328","1,106,303"
Brescia  ,2023,"623,202","634,124","1,257,326"
Pavia  ,2023,"263,200","273,206","536,406"
Cremona  ,2023,"174,232","177,957","352,189"
Mantova  ,2023,"200,727","205,392","406,119"
Lecco  ,2023,"164,366","168,409","332,775"
Lodi  ,2023,"113,286","114,850","228,136"
Monza e della Brianza  ,2023,"428,408","445,198","873,606"
Nord-est  ,2023,"5,669,091","5,889,431","11,558,522"
Trentino Alto Adige / Südtirol  ,2023,"532,429","544,714","1,077,143"
Provincia Autonoma Bolzano / Bozen  ,2023,"264,748","269,399","534,147"
Bolzano / Bozen  ,2023,"264,748","269,399","534,147"
Provincia Autonoma Trento  ,2023,"267,681","275,315","542,996"
Trento  ,2023,"267,681","275,315","542,996"
Veneto  ,2023,"2,382,754","2,466,799","4,849,553"
Verona  ,2023,"455,658","469,998","925,656"
Vicenza  ,2023,"422,063","430,716","852,779"
Belluno  ,2023,"96,704","101,401","198,105"
Treviso  ,2023,"433,687","445,141","878,828"
Venezia  ,2023,"407,180","428,715","835,895"
Padova  ,2023,"455,805","474,544","930,349"
Rovigo  ,2023,"111,657","116,284","227,941"
Friuli-Venezia Giulia  ,2023,"582,902","611,346","1,194,248"
Udine  ,2023,"251,711","265,665","517,376"
Gorizia  ,2023,"68,144","69,890","138,034"
Trieste  ,2023,"110,307","118,398","228,705"
Pordenone  ,2023,"152,740","157,393","310,133"
Emilia-Romagna  ,2023,"2,171,006","2,266,572","4,437,578"
Piacenza  ,2023,"139,937","144,283","284,220"
Parma  ,2023,"222,199","229,489","451,688"
Reggio nell'Emilia  ,2023,"260,650","266,340","526,990"
Modena  ,2023,"347,206","357,126","704,332"
Bologna  ,2023,"491,615","522,509","1,014,124"
Ferrara  ,2023,"164,435","174,852","339,287"
Ravenna  ,2023,"188,942","197,413","386,355"
Forlì-Cesena  ,2023,"191,704","199,944","391,648"
Rimini  ,2023,"164,318","174,616","338,934"
Centro (I)  ,2023,"5,687,171","6,036,051","11,723,222"
Toscana  ,2023,"1,776,898","1,885,083","3,661,981"
Massa-Carrara  ,2023,"91,051","96,532","187,583"
Lucca  ,2023,"185,300","196,884","382,184"
Pistoia  ,2023,"140,397","149,362","289,759"
Firenze  ,2023,"476,448","511,746","988,194"
Livorno  ,2023,"157,983","168,622","326,605"
Pisa  ,2023,"203,546","213,624","417,170"
Arezzo  ,2023,"163,457","170,595","334,052"
Siena  ,2023,"126,254","134,303","260,557"
Grosseto  ,2023,"105,272","111,361","216,633"
Prato  ,2023,"127,190","132,054","259,244"
Umbria  ,2023,"414,273","442,134","856,407"
Perugia  ,2023,"309,653","329,571","639,224"
Terni  ,2023,"104,620","112,563","217,183"
Marche  ,2023,"724,914","759,384","1,484,298"
Pesaro e Urbino  ,2023,"171,484","178,045","349,529"
Ancona  ,2023,"225,001","236,654","461,655"
Macerata  ,2023,"148,235","155,593","303,828"
Ascoli Piceno  ,2023,"97,875","103,587","201,462"
Fermo  ,2023,"82,319","85,505","167,824"
Lazio  ,2023,"2,771,086","2,949,450","5,720,536"
Viterbo  ,2023,"151,395","156,763","308,158"
Rieti  ,2023,"75,091","75,366","150,457"
Roma  ,2023,"2,033,837","2,193,222","4,227,059"
Latina  ,2023,"280,847","286,149","566,996"
Frosinone  ,2023,"229,916","237,950","467,866"
Mezzogiorno  ,2023,"9,698,659","10,158,172","19,856,831"
Sud  ,2023,"6,579,017","6,885,652","13,464,669"
Abruzzo  ,2023,"622,679","649,948","1,272,627"
L'Aquila  ,2023,"142,793","145,013","287,806"
Teramo  ,2023,"146,431","152,640","299,071"
Pescara  ,2023,"151,415","161,695","313,110"
Chieti  ,2023,"182,040","190,600","372,640"
Molise  ,2023,"143,551","147,085","290,636"
Campobasso  ,2023,"103,851","106,873","210,724"
Isernia  ,2023,"39,700","40,212","79,912"
Campania  ,2023,"2,739,246","2,870,290","5,609,536"
Caserta  ,2023,"444,325","461,749","906,074"
Benevento  ,2023,"128,875","134,250","263,125"
Napoli  ,2023,"1,449,594","1,530,744","2,980,338"
Avellino  ,2023,"195,973","202,959","398,932"
Salerno  ,2023,"520,479","540,588","1,061,067"
Puglia  ,2023,"1,904,137","2,003,546","3,907,683"
Foggia  ,2023,"293,907","301,775","595,682"
Bari  ,2023,"597,465","627,583","1,225,048"
Taranto  ,2023,"270,448","286,244","556,692"
Brindisi  ,2023,"183,723","195,799","379,522"
Lecce  ,2023,"371,083","400,147","771,230"
Barletta-Andria-Trani  ,2023,"187,511","191,998","379,509"
Basilicata  ,2023,"265,185","272,392","537,577"
Potenza  ,2023,"170,854","175,621","346,475"
Matera  ,2023,"94,331","96,771","191,102"
Calabria  ,2023,"904,219","942,391","1,846,610"
Cosenza  ,2023,"329,644","342,788","672,432"
Catanzaro  ,2023,"167,002","175,019","342,021"
Reggio di Calabria  ,2023,"252,621","266,078","518,699"
Crotone  ,2023,"80,336","82,413","162,749"
Vibo Valentia  ,2023,"74,616","76,093","150,709"
Isole  ,2023,"3,119,642","3,272,520","6,392,162"
Sicilia  ,2023,"2,345,397","2,468,619","4,814,016"
Trapani  ,2023,"204,361","210,645","415,006"
Palermo  ,2023,"583,114","621,075","1,204,189"
Messina  ,2023,"290,267","309,913","600,180"
Agrigento  ,2023,"201,398","211,779","413,177"
Caltanissetta  ,2023,"120,826","128,605","249,431"
Enna  ,2023,"75,005","79,935","154,940"
Catania  ,2023,"522,316","552,118","1,074,434"
Ragusa  ,2023,"158,272","159,521","317,793"
Siracusa  ,2023,"189,838","195,028","384,866"
Sardegna  ,2023,"774,245","803,901","1,578,146"
Sassari  ,2023,"233,596","241,143","474,739"
Nuoro  ,2023,"97,845","100,675","198,520"
Cagliari  ,2023,"203,043","217,321","420,364"
Oristano  ,2023,"73,988","76,337","150,325"
Sud Sardegna  ,2023,"165,773","168,425","334,198"
Italy  ,2022,"28,818,956","30,211,177","59,030,133"
Nord  ,2022,"13,399,058","13,974,215","27,373,273"
Nord-ovest  ,2022,"7,741,607","8,090,334","15,831,941"
Piemonte  ,2022,"2,073,845","2,182,505","4,256,350"
Torino  ,2022,"1,071,211","1,137,159","2,208,370"
Vercelli  ,2022,"80,981","85,102","166,083"
Novara  ,2022,"176,589","185,327","361,916"
Cuneo  ,2022,"287,148","293,007","580,155"
Asti  ,2022,"102,337","105,949","208,286"
Alessandria  ,2022,"198,584","208,680","407,264"
Biella  ,2022,"82,057","87,970","170,027"
Verbano-Cusio-Ossola  ,2022,"74,938","79,311","154,249"
Valle d'Aosta,2022,"60,413","62,947","123,360"
Liguria  ,2022,"725,821","783,406","1,509,227"
Imperia  ,2022,"101,270","107,400","208,670"
Savona  ,2022,"128,958","139,080","268,038"
Genova  ,2022,"391,116","426,286","817,402"
La Spezia  ,2022,"104,477","110,640","215,117"
Lombardia  ,2022,"4,881,528","5,061,476","9,943,004"
Varese  ,2022,"427,977","449,691","877,668"
Como  ,2022,"292,781","302,160","594,941"
Sondrio  ,2022,"88,067","90,717","178,784"
Milano  ,2022,"1,564,438","1,650,192","3,214,630"
Bergamo  ,2022,"548,284","554,713","1,102,997"
Brescia  ,2022,"620,830","632,327","1,253,157"
Pavia  ,2022,"262,099","272,407","534,506"
Cremona  ,2022,"173,826","177,828","351,654"
Mantova  ,2022,"199,603","204,873","404,476"
Lecco  ,2022,"164,165","168,292","332,457"
Lodi  ,2022,"112,645","114,682","227,327"
Monza e della Brianza  ,2022,"426,813","443,594","870,407"
Nord-est  ,2022,"5,657,451","5,883,881","11,541,332"
Trentino Alto Adige / Südtirol  ,2022,"530,469","543,105","1,073,574"
Provincia Autonoma Bolzano / Bozen  ,2022,"264,129","268,487","532,616"
Bolzano / Bozen  ,2022,"264,129","268,487","532,616"
Provincia Autonoma Trento  ,2022,"266,340","274,618","540,958"
Trento  ,2022,"266,340","274,618","540,958"
Veneto  ,2022,"2,380,743","2,467,002","4,847,745"
Verona  ,2022,"454,838","469,186","924,024"
Vicenza  ,2022,"421,557","430,582","852,139"
Belluno  ,2022,"96,883","101,793","198,676"
Treviso  ,2022,"433,027","444,863","877,890"
Venezia  ,2022,"407,415","429,501","836,916"
Padova  ,2022,"455,085","474,113","929,198"
Rovigo  ,2022,"111,938","116,964","228,902"
Friuli-Venezia Giulia  ,2022,"582,704","611,943","1,194,647"
Udine  ,2022,"252,116","266,326","518,442"
Gorizia  ,2022,"67,999","69,900","137,899"
Trieste  ,2022,"110,369","118,464","228,833"
Pordenone  ,2022,"152,220","157,253","309,473"
Emilia-Romagna  ,2022,"2,163,535","2,261,831","4,425,366"
Piacenza  ,2022,"139,375","144,060","283,435"
Parma  ,2022,"220,623","228,293","448,916"
Reggio nell'Emilia  ,2022,"259,875","265,711","525,586"
Modena  ,2022,"345,567","356,184","701,751"
Bologna  ,2022,"489,835","520,977","1,010,812"
Ferrara  ,2022,"164,303","175,270","339,573"
Ravenna  ,2022,"188,427","197,204","385,631"
Forlì-Cesena  ,2022,"191,340","199,953","391,293"
Rimini  ,2022,"164,190","174,179","338,369"
Centro (I)  ,2022,"5,685,827","6,038,208","11,724,035"
Toscana  ,2022,"1,776,806","1,886,385","3,663,191"
Massa-Carrara  ,2022,"91,522","96,961","188,483"
Lucca  ,2022,"185,327","197,137","382,464"
Pistoia  ,2022,"140,180","149,234","289,414"
Firenze  ,2022,"475,874","511,386","987,260"
Livorno  ,2022,"158,108","169,154","327,262"
Pisa  ,2022,"203,533","213,508","417,041"
Arezzo  ,2022,"163,835","171,091","334,926"
Siena  ,2022,"126,414","134,795","261,209"
Grosseto  ,2022,"105,417","111,592","217,009"
Prato  ,2022,"126,596","131,527","258,123"
Umbria  ,2022,"415,195","443,617","858,812"
Perugia  ,2022,"310,134","330,348","640,482"
Terni  ,2022,"105,061","113,269","218,330"
Marche  ,2022,"725,470","761,680","1,487,150"
Pesaro e Urbino  ,2022,"171,326","178,492","349,818"
Ancona  ,2022,"224,705","236,982","461,687"
Macerata  ,2022,"148,680","156,306","304,986"
Ascoli Piceno  ,2022,"98,285","104,080","202,365"
Fermo  ,2022,"82,474","85,820","168,294"
Lazio  ,2022,"2,768,356","2,946,526","5,714,882"
Viterbo  ,2022,"151,710","157,027","308,737"
Rieti  ,2022,"75,329","75,814","151,143"
Roma  ,2022,"2,028,829","2,188,045","4,216,874"
Latina  ,2022,"281,053","286,386","567,439"
Frosinone  ,2022,"231,435","239,254","470,689"
Mezzogiorno  ,2022,"9,734,071","10,198,754","19,932,825"
Sud  ,2022,"6,601,628","6,910,455","13,512,083"
Abruzzo  ,2022,"624,162","651,788","1,275,950"
L'Aquila  ,2022,"143,291","145,665","288,956"
Teramo  ,2022,"146,699","152,947","299,646"
Pescara  ,2022,"151,743","161,888","313,631"
Chieti  ,2022,"182,429","191,288","373,717"
Molise  ,2022,"144,013","148,137","292,150"
Campobasso  ,2022,"104,116","107,470","211,586"
Isernia  ,2022,"39,897","40,667","80,564"
Campania  ,2022,"2,747,577","2,876,843","5,624,420"
Caserta  ,2022,"443,850","461,195","905,045"
Benevento  ,2022,"129,800","135,255","265,055"
Napoli  ,2022,"1,454,640","1,533,736","2,988,376"
Avellino  ,2022,"197,188","204,263","401,451"
Salerno  ,2022,"522,099","542,394","1,064,493"
Puglia  ,2022,"1,910,909","2,012,032","3,922,941"
Foggia  ,2022,"295,178","303,850","599,028"
Bari  ,2022,"598,422","628,362","1,226,784"
Taranto  ,2022,"272,000","287,892","559,892"
Brindisi  ,2022,"184,396","196,877","381,273"
Lecce  ,2022,"372,760","402,588","775,348"
Barletta-Andria-Trani  ,2022,"188,153","192,463","380,616"
Basilicata  ,2022,"266,478","274,690","541,168"
Potenza  ,2022,"172,091","177,525","349,616"
Matera  ,2022,"94,387","97,165","191,552"
Calabria  ,2022,"908,489","946,965","1,855,454"
Cosenza  ,2022,"330,569","343,974","674,543"
Catanzaro  ,2022,"167,694","175,979","343,673"
Reggio di Calabria  ,2022,"254,337","267,790","522,127"
Crotone  ,2022,"80,911","82,642","163,553"
Vibo Valentia  ,2022,"74,978","76,580","151,558"
Isole  ,2022,"3,132,443","3,288,299","6,420,742"
Sicilia  ,2022,"2,353,773","2,479,556","4,833,329"
Trapani  ,2022,"205,214","212,006","417,220"
Palermo  ,2022,"585,637","623,354","1,208,991"
Messina  ,2022,"291,475","311,754","603,229"
Agrigento  ,2022,"202,481","213,406","415,887"
Caltanissetta  ,2022,"121,966","129,749","251,715"
Enna  ,2022,"75,786","80,944","156,730"
Catania  ,2022,"523,886","553,629","1,077,515"
Ragusa  ,2022,"157,045","159,097","316,142"
Siracusa  ,2022,"190,283","195,617","385,900"
Sardegna  ,2022,"778,670","808,743","1,587,413"
Sassari  ,2022,"234,414","242,102","476,516"
Nuoro  ,2022,"98,680","101,696","200,376"
Cagliari  ,2022,"203,718","217,970","421,688"
Oristano  ,2022,"74,645","77,010","151,655"
Sud Sardegna  ,2022,"167,213","169,965","337,178"
Italy  ,2021,"28,866,226","30,369,987","59,236,213"
Nord  ,2021,"13,439,629","14,046,809","27,486,438"
Nord-ovest  ,2021,"7,764,404","8,134,679","15,899,083"
Piemonte  ,2021,"2,079,401","2,195,544","4,274,945"
Torino  ,2021,"1,074,296","1,144,910","2,219,206"
Vercelli  ,2021,"81,065","85,519","166,584"
Novara  ,2021,"176,928","185,997","362,925"
Cuneo  ,2021,"288,044","293,754","581,798"
Asti  ,2021,"102,693","106,697","209,390"
Alessandria  ,2021,"199,120","210,272","409,392"
Biella  ,2021,"82,112","88,612","170,724"
Verbano-Cusio-Ossola  ,2021,"75,143","79,783","154,926"
Valle d'Aosta,2021,"60,712","63,377","124,089"
Liguria  ,2021,"728,845","789,650","1,518,495"
Imperia  ,2021,"101,014","108,230","209,244"
Savona  ,2021,"129,653","140,099","269,752"
Genova  ,2021,"393,470","430,142","823,612"
La Spezia  ,2021,"104,708","111,179","215,887"
Lombardia  ,2021,"4,895,446","5,086,108","9,981,554"
Varese  ,2021,"428,879","451,214","880,093"
Como  ,2021,"293,322","303,134","596,456"
Sondrio  ,2021,"88,017","90,781","178,798"
Milano  ,2021,"1,575,337","1,666,476","3,241,813"
Bergamo  ,2021,"548,139","555,417","1,103,556"
Brescia  ,2021,"621,517","634,192","1,255,709"
Pavia  ,2021,"262,271","273,530","535,801"
Cremona  ,2021,"173,930","178,312","352,242"
Mantova  ,2021,"200,269","205,792","406,061"
Lecco  ,2021,"164,689","168,880","333,569"
Lodi  ,2021,"112,568","114,775","227,343"
Monza e della Brianza  ,2021,"426,508","443,605","870,113"
Nord-est  ,2021,"5,675,225","5,912,130","11,587,355"
Trentino Alto Adige / Südtirol  ,2021,"532,211","544,867","1,077,078"
Provincia Autonoma Bolzano / Bozen  ,2021,"265,445","269,467","534,912"
Bolzano / Bozen  ,2021,"265,445","269,467","534,912"
Provincia Autonoma Trento  ,2021,"266,766","275,400","542,166"
Trento  ,2021,"266,766","275,400","542,166"
Veneto  ,2021,"2,391,165","2,478,665","4,869,830"
Verona  ,2021,"457,203","470,607","927,810"
Vicenza  ,2021,"422,967","431,995","854,962"
Belluno  ,2021,"97,200","102,504","199,704"
Treviso  ,2021,"434,108","446,309","880,417"
Venezia  ,2021,"410,613","432,932","843,545"
Padova  ,2021,"456,297","476,332","932,629"
Rovigo  ,2021,"112,777","117,986","230,763"
Friuli-Venezia Giulia  ,2021,"585,861","615,649","1,201,510"
Udine  ,2021,"253,242","267,875","521,117"
Gorizia  ,2021,"68,735","70,335","139,070"
Trieste  ,2021,"110,976","119,713","230,689"
Pordenone  ,2021,"152,908","157,726","310,634"
Emilia-Romagna  ,2021,"2,165,988","2,272,949","4,438,937"
Piacenza  ,2021,"139,395","144,347","283,742"
Parma  ,2021,"220,560","229,068","449,628"
Reggio nell'Emilia  ,2021,"259,981","267,159","527,140"
Modena  ,2021,"345,930","357,766","703,696"
Bologna  ,2021,"491,283","524,325","1,015,608"
Ferrara  ,2021,"165,003","177,058","342,061"
Ravenna  ,2021,"188,514","198,129","386,643"
Forlì-Cesena  ,2021,"191,757","200,885","392,642"
Rimini  ,2021,"163,565","174,212","337,777"
Centro (I)  ,2021,"5,703,014","6,083,938","11,786,952"
Toscana  ,2021,"1,788,550","1,904,315","3,692,865"
Massa-Carrara  ,2021,"92,066","97,770","189,836"
Lucca  ,2021,"185,702","198,255","383,957"
Pistoia  ,2021,"140,427","149,818","290,245"
Firenze  ,2021,"480,134","518,297","998,431"
Livorno  ,2021,"158,750","170,246","328,996"
Pisa  ,2021,"203,730","214,253","417,983"
Arezzo  ,2021,"164,326","172,175","336,501"
Siena  ,2021,"127,334","136,467","263,801"
Grosseto  ,2021,"105,716","112,130","217,846"
Prato  ,2021,"130,365","134,904","265,269"
Umbria  ,2021,"417,708","447,744","865,452"
Perugia  ,2021,"312,004","333,502","645,506"
Terni  ,2021,"105,704","114,242","219,946"
Marche  ,2021,"729,583","768,653","1,498,236"
Pesaro e Urbino  ,2021,"172,844","180,428","353,272"
Ancona  ,2021,"225,501","238,918","464,419"
Macerata  ,2021,"149,554","157,856","307,410"
Ascoli Piceno  ,2021,"98,727","104,698","203,425"
Fermo  ,2021,"82,957","86,753","169,710"
Lazio  ,2021,"2,767,173","2,963,226","5,730,399"
Viterbo  ,2021,"151,430","157,400","308,830"
Rieti  ,2021,"75,121","76,214","151,335"
Roma  ,2021,"2,028,515","2,202,936","4,231,451"
Latina  ,2021,"280,109","286,115","566,224"
Frosinone  ,2021,"231,998","240,561","472,559"
Mezzogiorno  ,2021,"9,723,583","10,239,240","19,962,823"
Sud  ,2021,"6,598,714","6,940,360","13,539,074"
Abruzzo  ,2021,"625,585","655,427","1,281,012"
L'Aquila  ,2021,"143,924","146,887","290,811"
Teramo  ,2021,"147,348","153,756","301,104"
Pescara  ,2021,"151,451","162,431","313,882"
Chieti  ,2021,"182,862","192,353","375,215"
Molise  ,2021,"144,864","149,430","294,294"
Campobasso  ,2021,"104,548","108,331","212,879"
Isernia  ,2021,"40,316","41,099","81,415"
Campania  ,2021,"2,739,038","2,885,222","5,624,260"
Caserta  ,2021,"441,458","460,445","901,903"
Benevento  ,2021,"130,469","136,247","266,716"
Napoli  ,2021,"1,448,252","1,538,493","2,986,745"
Avellino  ,2021,"197,524","205,405","402,929"
Salerno  ,2021,"521,335","544,632","1,065,967"
Puglia  ,2021,"1,913,253","2,020,524","3,933,777"
Foggia  ,2021,"296,028","306,366","602,394"
Bari  ,2021,"599,459","630,699","1,230,158"
Taranto  ,2021,"272,571","289,387","561,958"
Brindisi  ,2021,"184,456","197,490","381,946"
Lecce  ,2021,"372,618","403,612","776,230"
Barletta-Andria-Trani  ,2021,"188,121","192,970","381,091"
Basilicata  ,2021,"267,989","277,141","545,130"
Potenza  ,2021,"173,171","179,319","352,490"
Matera  ,2021,"94,818","97,822","192,640"
Calabria  ,2021,"907,985","952,616","1,860,601"
Cosenza  ,2021,"330,027","346,092","676,119"
Catanzaro  ,2021,"167,504","176,935","344,439"
Reggio di Calabria  ,2021,"254,266","269,525","523,791"
Crotone  ,2021,"81,148","82,911","164,059"
Vibo Valentia  ,2021,"75,040","77,153","152,193"
Isole  ,2021,"3,124,869","3,298,880","6,423,749"
Sicilia  ,2021,"2,346,759","2,486,946","4,833,705"
Trapani  ,2021,"205,141","213,136","418,277"
Palermo  ,2021,"583,560","625,259","1,208,819"
Messina  ,2021,"291,013","312,967","603,980"
Agrigento  ,2021,"202,004","214,177","416,181"
Caltanissetta  ,2021,"122,717","130,971","253,688"
Enna  ,2021,"76,095","81,595","157,690"
Catania  ,2021,"520,350","553,739","1,074,089"
Ragusa  ,2021,"156,013","158,897","314,910"
Siracusa  ,2021,"189,866","196,205","386,071"
Sardegna  ,2021,"778,110","811,934","1,590,044"
Sassari  ,2021,"233,703","242,654","476,357"
Nuoro  ,2021,"98,986","102,531","201,517"
Cagliari  ,2021,"203,232","218,256","421,488"
Oristano  ,2021,"74,865","77,553","152,418"
Sud Sardegna  ,2021,"167,324","170,940","338,264"
Italy  ,2020,"29,050,096","30,591,392","59,641,488"
Nord  ,2020,"13,480,648","14,135,568","27,616,216"
Nord-ovest  ,2020,"7,798,925","8,189,754","15,988,679"
Piemonte  ,2020,"2,095,058","2,216,159","4,311,217"
Torino  ,2020,"1,079,491","1,151,455","2,230,946"
Vercelli  ,2020,"82,360","87,030","169,390"
Novara  ,2020,"177,671","187,309","364,980"
Cuneo  ,2020,"289,284","296,829","586,113"
Asti  ,2020,"103,913","108,097","212,010"
Alessandria  ,2020,"202,746","214,542","417,288"
Biella  ,2020,"83,781","90,389","174,170"
Verbano-Cusio-Ossola  ,2020,"75,812","80,508","156,320"
Valle d'Aosta,2020,"61,121","63,913","125,034"
Liguria  ,2020,"730,371","794,455","1,524,826"
Imperia  ,2020,"101,094","108,288","209,382"
Savona  ,2020,"130,416","141,416","271,832"
Genova  ,2020,"393,657","432,537","826,194"
La Spezia  ,2020,"105,204","112,214","217,418"
Lombardia  ,2020,"4,912,375","5,115,227","10,027,602"
Varese  ,2020,"430,971","453,905","884,876"
Como  ,2020,"293,740","303,902","597,642"
Sondrio  ,2020,"88,684","91,741","180,425"
Milano  ,2020,"1,585,425","1,679,902","3,265,327"
Bergamo  ,2020,"549,853","558,273","1,108,126"
Brescia  ,2020,"619,811","635,626","1,255,437"
Pavia  ,2020,"264,325","276,051","540,376"
Cremona  ,2020,"175,602","180,306","355,908"
Mantova  ,2020,"200,102","206,817","406,919"
Lecco  ,2020,"165,229","169,732","334,961"
Lodi  ,2020,"112,331","115,081","227,412"
Monza e della Brianza  ,2020,"426,302","443,891","870,193"
Nord-est  ,2020,"5,681,723","5,945,814","11,627,537"
Trentino Alto Adige / Südtirol  ,2020,"531,506","546,563","1,078,069"
Provincia Autonoma Bolzano / Bozen  ,2020,"263,592","269,052","532,644"
Bolzano / Bozen  ,2020,"263,592","269,052","532,644"
Provincia Autonoma Trento  ,2020,"267,914","277,511","545,425"
Trento  ,2020,"267,914","277,511","545,425"
Veneto  ,2020,"2,389,717","2,489,416","4,879,133"
Verona  ,2020,"453,736","471,006","924,742"
Vicenza  ,2020,"421,980","433,317","855,297"
Belluno  ,2020,"97,871","103,438","201,309"
Treviso  ,2020,"434,858","448,664","883,522"
Venezia  ,2020,"412,402","436,427","848,829"
Padova  ,2020,"455,981","477,719","933,700"
Rovigo  ,2020,"112,889","118,845","231,734"
Friuli-Venezia Giulia  ,2020,"586,719","619,497","1,206,216"
Udine  ,2020,"255,362","271,112","526,474"
Gorizia  ,2020,"67,659","70,136","137,795"
Trieste  ,2020,"111,049","120,396","231,445"
Pordenone  ,2020,"152,649","157,853","310,502"
Emilia-Romagna  ,2020,"2,173,781","2,290,338","4,464,119"
Piacenza  ,2020,"140,425","146,008","286,433"
Parma  ,2020,"222,547","232,326","454,873"
Reggio nell'Emilia  ,2020,"260,736","268,873","529,609"
Modena  ,2020,"346,686","360,433","707,119"
Bologna  ,2020,"493,185","528,316","1,021,501"
Ferrara  ,2020,"165,912","178,598","344,510"
Ravenna  ,2020,"188,761","199,209","387,970"
Forlì-Cesena  ,2020,"192,660","202,646","395,306"
Rimini  ,2020,"162,869","173,929","336,798"
Centro (I)  ,2020,"5,719,084","6,112,008","11,831,092"
Toscana  ,2020,"1,784,318","1,908,237","3,692,555"
Massa-Carrara  ,2020,"92,752","98,933","191,685"
Lucca  ,2020,"184,891","197,652","382,543"
Pistoia  ,2020,"140,888","150,809","291,697"
Firenze  ,2020,"477,451","518,066","995,517"
Livorno  ,2020,"160,003","171,874","331,877"
Pisa  ,2020,"203,611","214,511","418,122"
Arezzo  ,2020,"165,427","173,745","339,172"
Siena  ,2020,"127,696","137,483","265,179"
Grosseto  ,2020,"106,297","113,393","219,690"
Prato  ,2020,"125,302","131,771","257,073"
Umbria  ,2020,"419,894","450,271","870,165"
Perugia  ,2020,"312,637","334,073","646,710"
Terni  ,2020,"107,257","116,198","223,455"
Marche  ,2020,"735,691","776,981","1,512,672"
Pesaro e Urbino  ,2020,"174,252","182,245","356,497"
Ancona  ,2020,"226,467","240,984","467,451"
Macerata  ,2020,"151,062","159,753","310,815"
Ascoli Piceno  ,2020,"99,998","106,174","206,172"
Fermo  ,2020,"83,912","87,825","171,737"
Lazio  ,2020,"2,779,181","2,976,519","5,755,700"
Viterbo  ,2020,"151,969","157,826","309,795"
Rieti  ,2020,"75,490","77,007","152,497"
Roma  ,2020,"2,038,876","2,214,438","4,253,314"
Latina  ,2020,"278,063","284,529","562,592"
Frosinone  ,2020,"234,783","242,719","477,502"
Mezzogiorno  ,2020,"9,850,364","10,343,816","20,194,180"
Sud  ,2020,"6,687,726","7,019,543","13,707,269"
Abruzzo  ,2020,"631,743","662,198","1,293,941"
L'Aquila  ,2020,"145,759","149,079","294,838"
Teramo  ,2020,"148,705","155,195","303,900"
Pescara  ,2020,"152,614","163,749","316,363"
Chieti  ,2020,"184,665","194,175","378,840"
Molise  ,2020,"147,953","152,563","300,516"
Campobasso  ,2020,"106,768","110,594","217,362"
Isernia  ,2020,"41,185","41,969","83,154"
Campania  ,2020,"2,784,616","2,927,527","5,712,143"
Caserta  ,2020,"447,522","466,144","913,666"
Benevento  ,2020,"133,407","138,911","272,318"
Napoli  ,2020,"1,472,873","1,561,537","3,034,410"
Avellino  ,2020,"201,454","208,915","410,369"
Salerno  ,2020,"529,360","552,020","1,081,380"
Puglia  ,2020,"1,923,532","2,029,773","3,953,305"
Foggia  ,2020,"297,927","308,977","606,904"
Bari  ,2020,"600,139","630,066","1,230,205"
Taranto  ,2020,"273,519","290,476","563,995"
Brindisi  ,2020,"186,266","198,969","385,235"
Lecce  ,2020,"375,525","406,640","782,165"
Barletta-Andria-Trani  ,2020,"190,156","194,645","384,801"
Basilicata  ,2020,"272,150","281,104","553,254"
Potenza  ,2020,"176,242","182,159","358,401"
Matera  ,2020,"95,908","98,945","194,853"
Calabria  ,2020,"927,732","966,378","1,894,110"
Cosenza  ,2020,"338,116","352,387","690,503"
Catanzaro  ,2020,"170,259","179,085","349,344"
Reggio di Calabria  ,2020,"258,734","272,233","530,967"
Crotone  ,2020,"84,029","84,552","168,581"
Vibo Valentia  ,2020,"76,594","78,121","154,715"
Isole  ,2020,"3,162,638","3,324,273","6,486,911"
Sicilia  ,2020,"2,370,942","2,504,348","4,875,290"
Trapani  ,2020,"206,795","214,461","421,256"
Palermo  ,2020,"591,325","631,663","1,222,988"
Messina  ,2020,"296,351","317,536","613,887"
Agrigento  ,2020,"206,000","217,488","423,488"
Caltanissetta  ,2020,"123,883","132,048","255,931"
Enna  ,2020,"77,520","82,641","160,161"
Catania  ,2020,"520,750","551,884","1,072,634"
Ragusa  ,2020,"156,514","159,087","315,601"
Siracusa  ,2020,"191,804","197,540","389,344"
Sardegna  ,2020,"791,696","819,925","1,611,621"
Sassari  ,2020,"238,642","245,765","484,407"
Nuoro  ,2020,"101,114","104,091","205,205"
Cagliari  ,2020,"204,797","218,043","422,840"
Oristano  ,2020,"76,350","78,624","154,974"
Sud Sardegna  ,2020,"170,793","173,402","344,195"
Italy  ,2019,"29,131,195","30,685,478","59,816,673"
Nord  ,2019,"13,478,726","14,147,796","27,626,522"
Nord-ovest  ,2019,"7,800,239","8,197,792","15,998,031"
Piemonte  ,2019,"2,103,024","2,225,541","4,328,565"
Torino  ,2019,"1,083,154","1,155,509","2,238,663"
Vercelli  ,2019,"82,721","87,772","170,493"
Novara  ,2019,"178,009","187,764","365,773"
Cuneo  ,2019,"289,728","297,485","587,213"
Asti  ,2019,"104,575","108,929","213,504"
Alessandria  ,2019,"204,210","216,090","420,300"
Biella  ,2019,"84,295","91,046","175,341"
Verbano-Cusio-Ossola  ,2019,"76,332","80,946","157,278"
Valle d'Aosta,2019,"61,471","64,182","125,653"
Liguria  ,2019,"733,543","799,437","1,532,980"
Imperia  ,2019,"101,342","108,640","209,982"
Savona  ,2019,"131,319","142,413","273,732"
Genova  ,2019,"395,552","435,620","831,172"
La Spezia  ,2019,"105,330","112,764","218,094"
Lombardia  ,2019,"4,902,201","5,108,632","10,010,833"
Varese  ,2019,"431,187","453,898","885,085"
Como  ,2019,"293,627","304,180","597,807"
Sondrio  ,2019,"88,718","91,962","180,680"
Milano  ,2019,"1,576,705","1,673,372","3,250,077"
Bergamo  ,2019,"549,430","557,729","1,107,159"
Brescia  ,2019,"618,924","635,495","1,254,419"
Pavia  ,2019,"264,859","276,858","541,717"
Cremona  ,2019,"175,540","180,610","356,150"
Mantova  ,2019,"200,525","207,326","407,851"
Lecco  ,2019,"165,523","170,031","335,554"
Lodi  ,2019,"112,069","114,880","226,949"
Monza e della Brianza  ,2019,"425,094","442,291","867,385"
Nord-est  ,2019,"5,678,487","5,950,004","11,628,491"
Trentino Alto Adige / Südtirol  ,2019,"529,279","544,755","1,074,034"
Provincia Autonoma Bolzano / Bozen  ,2019,"262,371","267,942","530,313"
Bolzano / Bozen  ,2019,"262,371","267,942","530,313"
Provincia Autonoma Trento  ,2019,"266,908","276,813","543,721"
Trento  ,2019,"266,908","276,813","543,721"
Veneto  ,2019,"2,390,898","2,493,692","4,884,590"
Verona  ,2019,"452,596","470,261","922,857"
Vicenza  ,2019,"422,477","434,462","856,939"
Belluno  ,2019,"98,284","103,985","202,269"
Treviso  ,2019,"435,045","449,128","884,173"
Venezia  ,2019,"413,168","437,889","851,057"
Padova  ,2019,"455,794","478,073","933,867"
Rovigo  ,2019,"113,534","119,894","233,428"
Friuli-Venezia Giulia  ,2019,"588,663","621,751","1,210,414"
Udine  ,2019,"256,578","272,652","529,230"
Gorizia  ,2019,"67,922","70,221","138,143"
Trieste  ,2019,"111,530","120,875","232,405"
Pordenone  ,2019,"152,633","158,003","310,636"
Emilia-Romagna  ,2019,"2,169,647","2,289,806","4,459,453"
Piacenza  ,2019,"140,181","146,084","286,265"
Parma  ,2019,"220,998","231,507","452,505"
Reggio nell'Emilia  ,2019,"260,735","269,197","529,932"
Modena  ,2019,"346,204","360,553","706,757"
Bologna  ,2019,"490,811","526,740","1,017,551"
Ferrara  ,2019,"166,174","179,364","345,538"
Ravenna  ,2019,"189,246","199,667","388,913"
Forlì-Cesena  ,2019,"192,526","202,912","395,438"
Rimini  ,2019,"162,772","173,782","336,554"
Centro (I)  ,2019,"5,736,110","6,132,374","11,868,484"
Toscana  ,2019,"1,788,031","1,913,312","3,701,343"
Massa-Carrara  ,2019,"93,221","99,614","192,835"
Lucca  ,2019,"185,344","198,133","383,477"
Pistoia  ,2019,"140,623","150,790","291,413"
Firenze  ,2019,"479,118","519,858","998,976"
Livorno  ,2019,"160,455","172,432","332,887"
Pisa  ,2019,"203,666","214,634","418,300"
Arezzo  ,2019,"165,895","174,454","340,349"
Siena  ,2019,"128,176","137,857","266,033"
Grosseto  ,2019,"106,565","113,974","220,539"
Prato  ,2019,"124,968","131,566","256,534"
Umbria  ,2019,"421,451","452,293","873,744"
Perugia  ,2019,"313,631","335,198","648,829"
Terni  ,2019,"107,820","117,095","224,915"
Marche  ,2019,"739,088","781,233","1,520,321"
Pesaro e Urbino  ,2019,"174,947","183,196","358,143"
Ancona  ,2019,"227,133","242,033","469,166"
Macerata  ,2019,"152,188","160,834","313,022"
Ascoli Piceno  ,2019,"100,496","106,813","207,309"
Fermo  ,2019,"84,324","88,357","172,681"
Lazio  ,2019,"2,787,540","2,985,536","5,773,076"
Viterbo  ,2019,"152,870","158,891","311,761"
Rieti  ,2019,"75,885","77,649","153,534"
Roma  ,2019,"2,043,640","2,219,902","4,263,542"
Latina  ,2019,"278,505","284,766","563,271"
Frosinone  ,2019,"236,640","244,328","480,968"
Mezzogiorno  ,2019,"9,916,359","10,405,308","20,321,667"
Sud  ,2019,"6,731,354","7,059,508","13,790,862"
Abruzzo  ,2019,"635,061","665,584","1,300,645"
L'Aquila  ,2019,"147,031","150,282","297,313"
Teramo  ,2019,"149,439","155,852","305,291"
Pescara  ,2019,"153,039","164,327","317,366"
Chieti  ,2019,"185,552","195,123","380,675"
Molise  ,2019,"149,761","154,029","303,790"
Campobasso  ,2019,"108,047","111,716","219,763"
Isernia  ,2019,"41,714","42,313","84,027"
Campania  ,2019,"2,799,558","2,940,733","5,740,291"
Caserta  ,2019,"448,369","467,180","915,549"
Benevento  ,2019,"135,141","140,243","275,384"
Napoli  ,2019,"1,480,366","1,567,828","3,048,194"
Avellino  ,2019,"203,556","210,553","414,109"
Salerno  ,2019,"532,126","554,929","1,087,055"
Puglia  ,2019,"1,934,344","2,041,184","3,975,528"
Foggia  ,2019,"299,894","311,624","611,518"
Bari  ,2019,"602,685","632,312","1,234,997"
Taranto  ,2019,"275,624","292,634","568,258"
Brindisi  ,2019,"187,520","200,297","387,817"
Lecce  ,2019,"377,434","408,974","786,408"
Barletta-Andria-Trani  ,2019,"191,187","195,343","386,530"
Basilicata  ,2019,"274,697","283,890","558,587"
Potenza  ,2019,"178,179","184,273","362,452"
Matera  ,2019,"96,518","99,617","196,135"
Calabria  ,2019,"937,933","974,088","1,912,021"
Cosenza  ,2019,"340,734","354,871","695,605"
Catanzaro  ,2019,"171,704","180,361","352,065"
Reggio di Calabria  ,2019,"261,755","274,732","536,487"
Crotone  ,2019,"86,226","85,260","171,486"
Vibo Valentia  ,2019,"77,514","78,864","156,378"
Isole  ,2019,"3,185,005","3,345,800","6,530,805"
Sicilia  ,2019,"2,387,653","2,520,895","4,908,548"
Trapani  ,2019,"208,114","215,925","424,039"
Palermo  ,2019,"595,789","635,813","1,231,602"
Messina  ,2019,"298,553","320,160","618,713"
Agrigento  ,2019,"208,325","219,678","428,003"
Caltanissetta  ,2019,"125,832","133,754","259,586"
Enna  ,2019,"78,685","83,686","162,371"
Catania  ,2019,"523,032","554,238","1,077,270"
Ragusa  ,2019,"156,369","159,195","315,564"
Siracusa  ,2019,"192,954","198,446","391,400"
Sardegna  ,2019,"797,352","824,905","1,622,257"
Sassari  ,2019,"239,919","246,770","486,689"
Nuoro  ,2019,"102,151","104,957","207,108"
Cagliari  ,2019,"205,465","218,640","424,105"
Oristano  ,2019,"77,220","79,403","156,623"
Sud Sardegna  ,2019,"172,597","175,135","347,732"
